Date,Total_Bed_Capacity,Total_Beds_Occupancy,DCH & DCHC_ Bed_Capacity,DCH & DCHC_ Beds_Occupancy,CCC2_Active_Bed_Capacity,CCC2_Active_Bed_Occupancy,ICU_Bed_Capacity,ICU_Beds_Occupancy,O2_Bed_Capacity,O2_Beds_Occupancy,Ventilator_Bed_Capacity,Ventilator_Beds_Occupancy,non_ICU_Bed_Capacity,Total_positive_tests,Total_tests,Stable_Symptomatic,Critical
2020-06-07,17936.0,13739.0,10531.0,9227.0,7405.0,4512.0,1157.0,1141.0,5114.0,3760.0,476.0,446.0,3957.0,1385.0,4954.0,,
2020-06-08,18110.0,13759.0,10702.0,9278.0,7408.0,4481.0,1164.0,1154.0,5946.0,4532.0,493.0,471.0,4782.0,1294.0,3671.0,6769.0,916.0
2020-06-09,17835.0,13390.0,10314.0,9065.0,7521.0,4325.0,1158.0,1142.0,5181.0,3948.0,503.0,481.0,4023.0,999.0,4720.0,7007.0,968.0
2020-06-10,17617.0,13143.0,10338.0,9030.0,7279.0,4113.0,1163.0,1152.0,5202.0,3905.0,507.0,483.0,4039.0,1505.0,4633.0,,
2020-06-11,17732.0,13146.0,10450.0,9098.0,7282.0,4048.0,1181.0,1167.0,5260.0,3986.0,530.0,497.0,4079.0,1458.0,4773.0,10157.0,986.0
2020-06-12,17781.0,13173.5,10482.0,9216.5,7299.0,3957.0,1193.5,1178.0,5273.0,4056.0,531.0,508.5,4079.5,1327.0,5038.0,,
2020-06-13,17830.0,13201.0,10514.0,9335.0,7316.0,3866.0,1206.0,1189.0,5286.0,4126.0,532.0,520.0,4080.0,1333.0,4540.0,10845.0,978.0
2020-06-14,17805.0,13142.0,10492.0,9244.0,7313.0,3898.0,1197.0,1187.0,5298.0,4060.0,525.0,514.0,4101.0,1342.0,3936.0,10209.0,979.0
2020-06-15,18262.0,12784.0,11135.0,9545.0,7127.0,3239.0,1163.0,1162.0,5612.0,4315.0,532.0,521.0,4449.0,1013.0,3370.0,9349.0,1031.0
2020-06-16,17654.0,12347.0,11148.0,9144.0,6506.0,3203.0,1197.0,1159.0,6951.0,5644.0,757.0,741.0,5754.0,912.0,5028.0,10057.0,1009.0
2020-06-17,18294.0,12870.0,11776.0,9742.0,6518.0,3128.0,1215.0,1163.0,7114.0,5943.0,714.0,699.0,5899.0,1290.0,4439.0,10185.0,1001.0
2020-06-18,18380.0,12303.0,11862.0,9387.0,6518.0,2916.0,1278.0,1183.0,7212.0,5902.0,704.0,676.0,5934.0,1240.0,4743.0,10657.0,961.0
2020-06-19,18424.0,12352.0,11906.0,9407.0,6518.0,2945.0,1219.0,1147.0,7275.0,5995.0,701.0,678.0,6056.0,1221.0,4329.0,11023.0,957.0
2020-06-20,18434.0,12271.0,11891.0,9331.0,6543.0,2940.0,1258.0,1186.0,7236.0,5010.0,724.0,699.0,5978.0,1141.0,4265.0,11133.0,978.0
2020-06-21,18059.0,12145.0,11891.0,9301.0,6168.0,2844.0,1305.0,1225.0,7226.0,5977.0,734.0,706.0,5921.0,1190.0,4206.0,11425.0,879.0
2020-06-22,18070.0,12207.0,11901.0,9253.0,6169.0,2954.0,1315.0,1215.0,7226.0,5977.0,734.0,704.0,5911.0,1070.0,3271.0,11504.0,965.0
2020-06-23,18392.0,12183.0,12130.0,9207.0,6262.0,2976.0,1362.0,1254.0,7382.0,5901.0,767.0,730.0,6020.0,819.0,4518.0,11641.0,963.0
2020-06-24,18391.0,12037.0,12122.0,9199.0,6260.0,2838.0,1362.0,1258.0,7374.0,5915.0,767.0,735.0,6012.0,1086.0,5311.0,10822.0,969.0
2020-06-25,18412.0,11995.0,12146.0,9232.0,6266.0,2763.0,1375.0,1273.0,7385.0,5935.0,771.0,739.0,6010.0,1303.0,4891.0,10687.0,994.0
2020-06-26,18744.0,12121.0,12478.0,9299.0,6266.0,2822.0,1394.0,1290.0,7705.0,5985.0,770.0,744.0,6311.0,1224.0,5199.0,10226.0,1005.0
2020-06-27,18775.0,12004.0,12479.0,9284.0,6296.0,2720.0,1400.0,1289.0,7700.0,6007.0,775.0,743.0,6300.0,1384.0,5193.0,10550.0,1015.0
2020-06-28,18796.0,12071.0,12479.0,9284.0,6317.0,2789.0,1400.0,1299.0,7700.0,6006.0,775.0,745.0,6300.0,1252.0,4693.0,10803.0,987.0
2020-06-29,18854.0,11920.0,12536.0,9198.0,6318.0,2722.0,1431.0,1263.0,7724.0,5877.0,804.0,751.0,6293.0,1174.0,3955.0,11066.0,1000.0
2020-06-30,18854.0,11998.0,12536.0,9312.0,6318.0,2686.0,1431.0,1257.0,7724.0,5969.0,804.0,750.0,6293.0,858.0,5131.0,10789.0,957.0
2020-07-01,19205.0,12263.0,13061.0,9587.0,6144.0,2676.0,1557.0,1415.0,7893.0,6114.0,928.0,861.0,6336.0,1446.0,6044.0,10470.0,951.0
2020-07-02,19561.0,12288.0,13401.0,9607.0,6160.0,2681.0,1567.0,1421.0,8425.0,6261.0,927.0,867.0,6858.0,1497.0,5172.0,7786.0,953.0
2020-07-03,19519.0,12401.0,13359.0,9665.0,6160.0,2736.0,1585.0,1440.0,8406.0,6284.0,935.0,878.0,6821.0,1311.0,4945.0,9070.0,1022.0
2020-07-04,19973.0,12766.0,13789.0,9866.0,6184.0,2900.0,1540.0,1410.0,8836.0,6390.0,885.0,849.0,7296.0,1114.0,4736.0,8546.0,1017.0
2020-07-05,19913.0,12705.0,13789.0,9826.0,6124.0,2879.0,1540.0,1410.0,8836.0,6404.0,885.0,846.0,7296.0,1240.0,4510.0,8736.0,947.0
2020-07-06,21683.0,12898.0,15609.0,10046.0,6074.0,2852.0,1606.0,1482.0,10549.0,6468.0,942.0,900.0,8943.0,1174.0,3961.0,8357.0,984.0
2020-07-07,23252.0,12848.0,17178.0,9982.0,6074.0,2866.0,1729.0,1487.0,11589.0,6459.0,1051.0,914.0,9860.0,759.0,5483.0,7757.0,1049.0
2020-07-08,23314.0,12747.0,17239.0,9990.0,6075.0,2757.0,1733.0,1500.0,11640.0,6418.0,1052.0,922.0,9907.0,1288.0,5539.0,8013.0,1058.0
2020-07-09,23414.0,12820.0,17239.0,9984.0,6175.0,2836.0,1733.0,1507.0,11640.0,6386.0,1052.0,911.0,9907.0,1233.0,5412.0,7892.0,1144.0
2020-07-10,23084.0,12616.0,16859.0,9960.0,6225.0,2656.0,1738.0,1523.0,11250.0,6337.0,1054.0,920.0,9512.0,1303.0,5899.0,7620.0,1129.0
2020-07-11,22756.0,12626.0,16859.0,9889.0,5897.0,2737.0,1738.0,1514.0,11250.0,6303.0,1054.0,915.0,9512.0,1242.0,5769.0,7520.0,1157.0
2020-07-12,22821.0,12740.0,16859.0,10011.0,5962.0,2729.0,1738.0,1498.0,11250.0,6394.0,1054.0,920.0,9512.0,1178.0,5278.0,7401.0,1126.0
2020-07-13,22819.0,12619.0,16855.0,9893.0,5964.0,2726.0,1737.0,1510.0,11247.0,6298.0,1053.0,928.0,9510.0,1099.0,5241.0,7575.0,1158.0
2020-07-14,22843.0,12663.0,16862.0,9771.0,5981.0,2691.0,1737.0,1525.0,11254.0,6215.0,1053.0,932.0,9517.0,894.0,6579.0,7625.0,1037.0
2020-07-15,22885.0,12335.0,16862.0,9773.0,6023.0,2562.0,1737.0,1534.0,11254.0,6210.0,1053.0,932.0,9517.0,1318.0,7070.0,7257.0,1153.0
2020-07-16,22886.0,12433.0,16862.0,9832.0,6024.0,2601.0,1737.0,1521.0,11254.0,6256.0,1053.0,929.0,9517.0,1418.0,5955.0,7355.0,1351.0
2020-07-17,22666.0,12488.0,16862.0,9909.0,5804.0,2579.0,1737.0,1516.0,11254.0,6343.0,1053.0,928.0,9517.0,1131.0,6033.0,6731.0,1336.0
2020-07-18,22652.0,12456.0,16862.0,9931.0,5790.0,2525.0,1737.0,1544.0,11254.0,6344.0,1053.0,942.0,9517.0,1123.0,5849.0,6128.0,1370.0
2020-07-19,22392.0,12156.0,16862.0,9896.0,5530.0,2260.0,1737.0,1539.0,11254.0,6320.0,1053.0,943.0,9517.0,969.0,5034.0,5610.0,1288.0
2020-07-20,22157.0,12002.0,16811.0,9834.0,5346.0,2168.0,1748.0,1535.0,11288.0,6271.0,1054.0,943.0,9540.0,958.0,4822.0,5252.0,1286.0
2020-07-21,22057.0,11920.0,16811.0,9821.0,5246.0,2099.0,1748.0,1541.0,11288.0,6266.0,1054.0,943.0,9540.0,913.0,7076.0,7137.0,1274.0
2020-07-22,22007.0,11762.0,16811.0,9787.0,5196.0,1975.0,1748.0,1549.0,11288.0,6266.0,1054.0,944.0,9540.0,1214.0,6352.0,6913.0,1225.0
2020-07-23,21909.0,11702.0,16811.0,9801.0,5098.0,1909.0,1748.0,1534.0,11288.0,6294.0,1054.0,945.0,9540.0,1161.0,6210.0,6380.0,1252.0
2020-07-24,21884.0,11684.0,16788.0,9858.0,5096.0,1826.0,1764.0,1557.0,11284.0,6322.0,1080.0,965.0,9520.0,977.0,7609.0,6322.0,1197.0
2020-07-25,21884.0,11651.0,16788.0,9831.0,5096.0,1820.0,1764.0,1575.0,11284.0,6297.0,1080.0,967.0,9520.0,995.0,8495.0,6056.0,1179.0
2020-07-26,21883.0,11518.0,16815.0,9734.0,5068.0,1784.0,1776.0,1558.0,11297.0,6292.0,1089.0,969.0,9521.0,1009.0,6738.0,6341.0,1139.0
2020-07-27,21855.0,11127.0,16815.0,9352.0,5040.0,1775.0,1776.0,1542.0,11297.0,6021.0,1089.0,949.0,9521.0,934.0,8776.0,6072.0,1139.0
2020-07-28,21252.0,10924.0,16412.0,9234.0,4840.0,1690.0,1753.0,1549.0,10916.0,5898.0,1066.0,954.0,9163.0,654.0,11643.0,5667.0,1147.0
2020-07-29,21298.0,10861.0,16412.0,9218.0,4886.0,1643.0,1753.0,1554.0,10916.0,5867.0,1066.0,952.0,9163.0,996.0,10732.0,5426.0,1178.0
2020-07-30,21097.0,10792.0,16362.0,9194.0,4735.0,1598.0,1748.0,1570.0,10872.0,5855.0,1063.0,957.0,9124.0,1124.0,10268.0,5194.0,1158.0
2020-07-31,20906.0,10765.0,16308.0,9261.0,4598.0,1504.0,1755.0,1570.0,10811.0,5935.0,1069.0,964.0,9056.0,994.0,10554.0,5362.0,1094.0
2020-08-01,20386.0,10699.0,16308.0,9261.0,4078.0,1438.0,1755.0,1523.0,10811.0,5942.0,1069.0,933.0,9056.0,963.0,9084.0,5362.0,1105.0
2020-08-02,19886.0,10188.0,15738.0,8779.0,4148.0,1409.0,1762.0,1448.0,10399.0,5625.0,1032.0,880.0,8637.0,1011.0,5374.0,5610.0,1065.0
2020-08-03,19786.0,10064.0,15738.0,8673.0,4048.0,1391.0,1762.0,1445.0,10399.0,5549.0,1032.0,874.0,8637.0,878.0,7793.0,5710.0,1057.0
2020-08-04,19770.0,10057.0,15722.0,8605.0,4048.0,1452.0,1748.0,1436.0,10395.0,5525.0,1029.0,873.0,8647.0,654.0,7244.0,5633.0,1040.0
2020-08-05,19841.0,9945.0,15759.0,8491.0,4082.0,1454.0,1761.0,1433.0,10432.0,5454.0,1035.0,867.0,8671.0,1049.0,7888.0,5530.0,1023.0
2020-08-06,19840.0,9827.0,15759.0,8368.0,4081.0,1459.0,1761.0,1424.0,10432.0,5384.0,1035.0,871.0,8671.0,813.0,8241.0,5941.0,1056.0
2020-08-07,19908.0,9816.0,15827.0,8400.0,4081.0,1416.0,1770.0,1439.0,10488.0,5324.0,1056.0,895.0,8718.0,780.0,9070.0,5661.0,1123.0
2020-08-08,20022.0,9943.0,15966.0,8517.0,4056.0,1426.0,1786.0,1455.0,10600.0,5384.0,1074.0,914.0,8814.0,1198.0,7561.0,5518.0,1118.0
2020-08-09,20162.0,9874.0,16106.0,8534.0,4056.0,1340.0,1822.0,1477.0,10697.0,5388.0,1085.0,913.0,8875.0,991.0,5628.0,5633.0,1082.0
2020-08-10,20162.0,9840.0,16106.0,8494.0,4056.0,1346.0,1822.0,1464.0,10697.0,5392.0,1085.0,910.0,8875.0,864.0,8326.0,5382.0,1100.0
2020-08-11,20166.0,9606.0,16140.0,8323.0,4026.0,1283.0,1832.0,1488.0,10721.0,5230.0,1088.0,914.0,8889.0,834.0,9218.0,5392.0,1033.0
2020-08-12,20166.0,9653.0,16140.0,8349.0,4026.0,1304.0,1832.0,1486.0,10721.0,5234.0,1088.0,908.0,8889.0,1032.0,6936.0,5101.0,1113.0
2020-08-13,20027.0,9587.0,16052.0,8378.0,3975.0,1209.0,1836.0,1489.0,10510.0,5287.0,1095.0,927.0,8674.0,1102.0,7977.0,5170.0,1075.0
2020-08-14,20048.0,9694.0,16052.0,8431.0,3996.0,1263.0,1836.0,1501.0,10510.0,5311.0,1095.0,938.0,8674.0,899.0,7275.0,5199.0,1092.0
2020-08-15,19998.0,9697.0,16052.0,8489.0,3946.0,1208.0,1836.0,1493.0,10510.0,5389.0,1095.0,926.0,8674.0,1133.0,6442.0,5075.0,1111.0
2020-08-16,19921.0,9720.0,16075.0,8527.0,3846.0,1193.0,1844.0,1514.0,10525.0,5389.0,1096.0,936.0,8681.0,929.0,5097.0,5388.0,1068.0
2020-08-17,19790.5,9577.5,15944.5,8398.0,3846.0,1179.5,1831.0,1503.5,10442.0,5323.5,1090.0,938.0,8611.0,695.0,6710.0,,
2020-08-18,19660.0,9435.0,15814.0,8269.0,3846.0,1166.0,1818.0,1493.0,10359.0,5258.0,1084.0,940.0,8541.0,850.0,8488.0,5493.0,1061.0
2020-08-19,17311.0,8075.0,13465.0,6946.0,3846.0,1129.0,1431.0,1200.0,8894.0,4433.0,912.0,790.0,7463.0,1036.0,8147.0,5479.0,1067.0
2020-08-20,17311.0,8065.0,13465.0,6965.0,3846.0,1100.0,1431.0,1194.0,8894.0,4439.0,912.0,778.0,7463.0,1188.0,8841.0,5415.0,1042.0
2020-08-21,17311.0,8189.0,13465.0,7059.0,3846.0,1130.0,1431.0,1192.0,8894.0,4475.0,912.0,773.0,7463.0,1295.0,8492.0,4813.0,1126.0
2020-08-22,17311.0,8234.0,13465.0,7112.0,3846.0,1122.0,1431.0,1198.0,8894.0,4533.0,912.0,761.0,7463.0,1073.0,6946.0,5621.0,1072.0
2020-08-23,17313.0,8219.0,13467.0,7181.0,3846.0,1038.0,1435.0,1213.0,8892.0,4565.0,913.0,770.0,7457.0,910.0,5269.0,5935.0,994.0
2020-08-24,17326.0,8138.0,13480.0,7132.0,3846.0,1006.0,1435.0,1196.0,8905.0,4536.0,913.0,770.0,7470.0,684.0,5960.0,5842.0,1134.0
2020-08-25,17326.0,8105.0,13480.0,7155.0,3846.0,950.0,1435.0,1195.0,8905.0,4438.0,913.0,776.0,7470.0,533.0,9976.0,5767.0,1166.0
2020-08-26,16975.0,8137.0,13404.0,7164.5,3571.0,972.5,1433.5,1201.5,8803.0,4455.0,926.5,791.0,7369.5,1625.0,9100.0,,
2020-08-27,16624.0,8169.0,13328.0,7174.0,3296.0,995.0,1432.0,1208.0,8701.0,4472.0,940.0,806.0,7269.0,1274.0,9266.0,5952.0,1089.0
2020-08-28,16568.0,8166.0,13272.0,7126.0,3296.0,1040.0,1415.0,1214.0,8662.0,4382.0,933.0,809.0,7247.0,1167.0,9984.0,6054.0,1099.0
2020-08-29,16572.0,8179.0,13272.0,7135.0,3300.0,1044.0,1415.0,1211.0,8662.0,4367.0,933.0,805.0,7247.0,1332.0,8803.0,6204.0,1127.0
2020-08-30,16454.0,8121.0,13272.0,7069.0,3182.0,1052.0,1415.0,1206.0,8662.0,4285.0,933.0,798.0,7247.0,1167.0,6146.0,6433.0,998.0
2020-08-31,16241.5,8067.0,13074.5,7059.0,3167.0,1008.0,1408.0,1213.0,8512.0,4276.0,930.5,806.5,7104.0,1099.0,7156.0,,
2020-09-01,16029.0,8013.0,12877.0,7049.0,3152.0,964.0,1401.0,1220.0,8362.0,4267.0,928.0,815.0,6961.0,1057.0,8418.0,6183.0,1128.0
2020-09-02,15911.0,8248.0,12759.0,7251.0,3152.0,997.0,1401.0,1229.0,7912.0,4350.0,928.0,836.0,6511.0,1535.0,8393.0,6167.0,1139.0
2020-09-03,15465.0,8252.0,12313.0,7228.0,4724.0,1409.0,1397.0,1257.0,7836.0,4342.0,929.0,855.0,6439.0,1404.0,9862.0,6274.0,1162.0
2020-09-04,15469.0,8371.0,12315.0,7298.0,4724.0,1461.0,1399.0,1258.0,7836.0,4427.0,931.0,848.0,6437.0,1809.0,10388.0,6485.0,1100.0
2020-09-05,15467.0,8588.0,12315.0,7449.0,4766.0,1589.0,1399.0,1247.0,7836.0,4547.0,931.0,847.0,6437.0,1658.0,11851.0,6558.0,1110.0
2020-09-06,15485.0,8753.0,12315.0,7567.0,4899.0,1728.0,1399.0,1240.0,7836.0,4563.0,931.0,832.0,6437.0,1790.0,9458.0,6734.0,1069.0
2020-09-07,15804.0,9154.0,12620.0,7872.0,3321.0,1413.0,1413.0,1276.0,7827.0,4735.0,938.0,856.0,6414.0,1580.0,9347.0,7008.0,1109.0
2020-09-08,15796.0,9289.0,12608.0,7956.0,3401.0,1482.0,1413.0,1288.0,7839.0,4804.0,936.0,867.0,6426.0,1413.0,12763.0,7071.0,1245.0
2020-09-09,15798.0,9641.0,6845.0,5453.0,3401.0,1503.0,1414.0,1330.0,7840.0,4942.0,936.0,898.0,6426.0,2098.0,15701.0,7030.0,1240.0
2020-09-10,15776.0,9905.0,6828.0,5543.0,3396.0,1625.0,1415.0,1330.0,7812.0,5033.0,937.0,892.0,6397.0,2214.0,15119.0,7225.0,1262.0
2020-09-11,16063.0,10009.0,6879.0,5546.0,3396.0,1667.0,1417.0,1336.0,7852.0,4952.0,947.0,900.0,6435.0,1990.0,15827.0,7317.0,1321.0
2020-09-12,15964.0,10200.0,12880.0,8524.0,3123.0,1533.0,1417.0,1329.0,7852.0,4987.0,947.0,891.0,6435.0,2157.0,12688.0,7477.0,1321.0
2020-09-13,15992.0,10381.0,12905.0,8604.0,3126.0,1750.0,1418.0,1327.0,7876.0,5048.0,959.0,897.0,6458.0,1946.0,9359.0,7803.0,1262.0
2020-09-14,17426.0,11506.0,14319.0,9723.0,2921.0,1740.0,1732.0,1591.0,8837.0,5759.0,1102.0,1035.0,7105.0,2200.0,11426.0,8086.0,1272.0
2020-09-15,17575.0,11649.5,14439.0,9841.0,2919.5,1754.5,1759.0,1583.5,8821.0,5822.0,1110.5,1014.0,7062.0,1482.0,13538.0,,
2020-09-16,17724.0,11793.0,14559.0,9959.0,2918.0,1769.0,1786.0,1576.0,8805.0,5885.0,1119.0,993.0,7019.0,2168.0,14497.0,7929.0,1249.0
2020-09-17,17534.0,11895.0,14559.0,10054.0,2928.0,1827.0,1786.0,1583.0,8805.0,5919.0,1119.0,1005.0,7019.0,2233.0,13113.0,8128.0,1265.0
2020-09-18,17534.0,12022.0,14559.0,10193.0,2928.0,1803.0,1786.0,1583.0,8805.0,6081.0,1119.0,1006.0,7019.0,2079.0,13218.0,8376.0,1233.0
2020-09-19,17534.0,11824.0,14559.0,10097.0,2928.0,1752.0,1786.0,1610.0,8805.0,5975.0,1119.0,1014.0,7019.0,2087.0,13077.0,8177.0,1292.0
2020-09-20,17797.0,11876.0,14822.0,10242.0,2928.0,1723.0,1916.0,1723.0,8932.0,5991.0,1133.0,1035.0,7016.0,2076.0,8406.0,7966.0,1323.0
2020-09-21,17678.0,11460.0,14728.0,9898.0,2978.0,1650.0,1916.0,1714.0,8907.0,5896.0,1133.0,1028.0,6991.0,1718.0,10288.0,7679.0,1347.0
2020-09-22,17663.0,11442.0,14713.0,9867.0,2978.0,1605.0,1923.0,1720.0,8882.0,5766.0,1137.0,1030.0,6959.0,1502.0,12729.0,7655.0,1413.0
2020-09-23,17698.0,11319.0,14748.0,9831.0,2978.0,1573.0,1923.0,1729.0,8893.0,5741.0,1134.0,1034.0,6970.0,2196.0,10266.0,7580.0,1356.0
2020-09-24,17698.0,11088.0,14748.0,9564.0,2978.0,1612.0,1923.0,1713.0,8893.0,5686.0,1134.0,1020.0,6970.0,1996.0,11934.0,7669.0,1569.0
2020-09-25,17853.5,11169.5,14803.5,9636.5,2971.0,1567.0,1920.0,1708.5,8948.5,5750.5,1131.0,1020.0,7028.5,1737.0,12983.0,,
2020-09-26,18009.0,11251.0,14859.0,9709.0,2964.0,1522.0,1917.0,1704.0,9004.0,5815.0,1128.0,1020.0,7087.0,2061.0,11706.0,7492.0,1520.0
2020-09-27,18009.0,11178.0,14859.0,9619.0,2964.0,1570.0,1917.0,1714.0,9004.0,5777.0,1128.0,1023.0,7087.0,2117.0,9208.0,7650.0,1441.0
2020-09-28,18285.0,11476.0,14920.0,9797.0,2964.0,1598.0,1969.0,1748.0,9016.0,5885.0,1155.0,1037.0,7047.0,1925.0,10197.0,7928.0,1424.0
2020-09-29,18292.0,11547.0,14927.0,9851.0,3164.0,1651.0,1976.0,1746.0,9016.0,5912.0,1162.0,1045.0,7040.0,1604.0,13977.0,7909.0,1401.0
2020-09-30,18360.5,11691.5,14991.5,9983.0,3164.0,1625.5,1993.0,1760.0,9059.0,5989.0,1147.5,1042.0,7066.0,2490.0,14158.0,,
2020-10-01,18429.0,11836.0,15056.0,10115.0,3164.0,1600.0,2010.0,1774.0,9102.0,6066.0,1133.0,1039.0,7092.0,2208.0,14875.0,7788.0,1409.0
2020-10-02,18429.0,11891.0,15056.0,10170.0,3178.0,1621.0,2010.0,1785.0,9102.0,6076.0,1133.0,1033.0,7092.0,2270.0,12295.0,8002.0,1409.0
2020-10-03,18392.0,12018.0,15019.0,10281.0,3178.0,1628.0,2017.0,1782.0,9088.0,6141.0,1133.0,1025.0,7071.0,2207.0,11309.0,8055.0,1427.0
2020-10-04,18393.0,11964.0,15009.0,10245.0,3178.0,1596.0,2019.0,1780.0,9076.0,6064.0,1132.0,1016.0,7057.0,1981.0,9763.0,8085.0,1435.0
2020-10-05,18431.0,11984.0,15047.0,10268.0,3178.0,1716.0,2018.0,1790.0,9115.0,6131.0,1131.0,1032.0,7097.0,1708.0,11287.0,8083.0,1459.0
2020-10-06,18412.0,11864.0,15047.0,10199.0,3178.0,1555.0,2018.0,1784.0,9115.0,6070.0,1131.0,1030.0,7097.0,1584.0,14683.0,8034.0,1467.0
2020-10-07,18412.0,11828.0,15047.0,10234.0,3365.0,1558.0,2018.0,1797.0,9115.0,6057.0,1131.0,1029.0,7097.0,2650.0,14233.0,7885.0,1467.0
2020-10-08,18451.0,11972.0,15086.0,10297.0,3444.0,1605.0,2031.0,1805.0,9141.0,6080.0,1140.0,1042.0,7110.0,2569.0,14524.0,7934.0,1439.0
2020-10-09,18443.0,11840.0,15077.0,10160.0,3444.0,1623.0,2033.0,1771.0,9131.0,6074.0,1142.0,1036.0,7098.0,2166.0,14842.0,7867.0,1421.0
2020-10-10,18467.0,11765.0,15077.0,10155.0,3444.0,1637.0,2033.0,1776.0,9131.0,6071.0,1142.0,1034.0,7098.0,2062.0,14142.0,7665.0,1445.0
2020-10-11,18467.0,11711.0,15077.0,10060.0,3444.0,1641.0,2033.0,1773.0,9131.0,6022.0,1142.0,1025.0,7098.0,2054.0,9265.0,7863.0,1395.0
2020-10-12,18459.0,11683.0,15069.0,9996.0,3444.0,1608.0,2027.0,1747.0,9129.0,6031.0,1145.0,1020.0,7102.0,1523.0,9133.0,7735.0,1389.0
2020-10-13,18447.0,11455.0,15057.0,9827.0,3444.0,1550.0,1998.0,1725.0,9145.0,5869.0,1154.0,1032.0,7147.0,1238.0,13774.0,7630.0,1406.0
2020-10-14,18550.0,11504.0,15150.0,9866.0,3444.0,1544.0,2024.0,1736.0,9212.0,5873.0,1167.0,1029.0,7188.0,2077.0,16723.0,7363.0,1447.0
2020-10-15,18550.0,11365.0,15150.0,9737.0,3444.0,1511.0,2024.0,1722.0,9212.0,5828.0,1167.0,1022.0,7188.0,1962.0,14820.0,7340.0,1418.0
2020-10-16,18551.0,11217.0,15151.0,9544.0,3444.0,1468.0,2036.0,1709.0,9199.0,5710.0,1183.0,1021.0,7163.0,1681.0,15230.0,7686.0,1378.0
2020-10-17,18551.0,11066.0,15151.0,9397.0,3444.0,1436.0,2036.0,1689.0,9199.0,5665.0,1183.0,1011.0,7163.0,1553.0,13415.0,7304.0,1326.0
2020-10-18,18551.0,10755.0,15151.0,9258.0,3444.0,1399.0,2036.0,1671.0,9199.0,5582.0,1183.0,1006.0,7163.0,1502.0,9023.0,7496.0,1339.0
2020-10-19,18521.0,10485.0,15151.0,9078.0,3444.0,1338.0,2036.0,1679.0,9199.0,5476.0,1183.0,1004.0,7163.0,1146.0,11549.0,7632.0,1340.0
2020-10-20,18477.0,10241.0,15107.0,8928.0,3444.0,1296.0,2040.0,1665.0,9271.0,5362.0,1185.0,1014.0,7231.0,1017.0,16137.0,7340.0,1257.0
2020-10-21,18477.0,9870.0,15107.0,8584.0,3444.0,1267.0,2040.0,1637.0,9271.0,5126.0,1185.0,995.0,7231.0,1499.0,15633.0,6999.0,1215.0
2020-10-22,18477.0,9673.0,15107.0,8396.0,3588.0,1223.0,2040.0,1632.0,9271.0,4979.0,1185.0,984.0,7231.0,1369.0,16636.0,7086.0,1194.0
2020-10-23,18417.0,9492.0,15047.0,8249.0,3588.0,1212.0,2037.0,1612.0,9234.0,4882.0,1179.0,974.0,7197.0,1366.0,14285.0,7105.0,1159.0
2020-10-24,18476.0,9282.0,15106.0,8101.0,3588.0,1197.0,2035.0,1608.0,9253.0,4782.0,1177.0,979.0,7218.0,1175.0,11817.0,6984.0,1148.0
2020-10-25,18476.0,9089.0,15106.0,7911.0,3588.0,1171.0,2035.0,1590.0,9253.0,4668.0,1177.0,978.0,7218.0,1152.0,7576.0,7100.0,1068.0
2020-10-26,18476.0,8777.0,15106.0,7680.0,3556.0,1117.0,2035.0,1545.0,9253.0,4493.0,1177.0,965.0,7218.0,736.0,11643.0,6781.0,1078.0
2020-10-27,18476.0,8553.0,15106.0,7482.0,3556.0,1065.0,2035.0,1502.0,9253.0,4355.0,1177.0,942.0,7218.0,743.0,15825.0,6652.0,1090.0
2020-10-28,18476.0,8372.0,15106.0,7328.0,3556.0,1065.0,2035.0,1490.0,9253.0,4256.0,1177.0,918.0,7218.0,1238.0,14292.0,5900.0,1121.0
2020-10-29,18476.0,8191.0,15106.0,7167.0,3556.0,1048.0,2035.0,1501.0,9253.0,4105.0,1177.0,933.0,7218.0,1036.0,14556.0,5908.0,1016.0
2020-10-30,18315.0,8060.0,14945.0,7042.0,3556.0,1030.0,2036.0,1483.0,9103.0,3982.0,1179.0,923.0,7067.0,1076.0,13306.0,5972.0,1013.0
2020-10-31,18362.0,7817.0,14992.0,6841.0,3556.0,1009.0,2052.0,1491.0,9134.0,3860.0,1194.0,935.0,7082.0,928.0,10896.0,6195.0,1047.0
2020-11-01,18362.0,7667.0,14992.0,6765.0,3412.0,971.0,2052.0,1484.0,9134.0,3807.0,1194.0,935.0,7082.0,815.0,8438.0,6367.0,968.0
2020-11-02,18362.0,7450.0,14992.0,6586.0,3412.0,923.0,2052.0,1459.0,9134.0,3733.0,1194.0,916.0,7082.0,659.0,10980.0,6450.0,968.0
2020-11-03,18362.0,7104.0,14992.0,6333.0,3412.0,869.0,2052.0,1423.0,9134.0,3589.0,1194.0,909.0,7082.0,670.0,11225.0,6023.0,966.0
2020-11-04,18195.0,6744.0,14825.0,6003.0,3412.0,838.0,2042.0,1360.0,9012.0,3355.0,1192.0,897.0,6970.0,872.0,13488.0,5961.0,949.0
2020-11-05,18195.0,6630.0,14825.0,5912.0,3412.0,793.0,2042.0,1345.0,9012.0,3267.0,1192.0,886.0,6970.0,772.0,13112.0,5937.0,886.0
2020-11-06,17816.0,6606.0,14586.0,5914.0,3412.0,764.0,2020.0,1361.0,8815.0,3273.0,1193.0,890.0,6795.0,737.0,11757.0,5890.0,853.0
2020-11-07,17816.0,6286.0,14586.0,5639.0,3342.0,747.0,2020.0,1292.0,8815.0,3156.0,1193.0,860.0,6795.0,763.0,11083.0,5057.0,868.0
2020-11-08,17816.0,6061.0,14586.0,5416.0,3342.0,740.0,2020.0,1270.0,8815.0,2994.0,1193.0,848.0,6795.0,782.0,8198.0,4944.0,833.0
2020-11-09,17704.0,6032.0,14474.0,5399.0,3342.0,736.0,2011.0,1280.0,8699.0,2973.0,1189.0,847.0,6688.0,523.0,10443.0,4544.0,819.0
2020-11-10,17704.0,5898.0,14474.0,5299.0,3342.0,697.0,2011.0,1263.0,8699.0,2949.0,1189.0,844.0,6688.0,755.0,12267.0,4647.0,762.0
2020-11-11,17707.0,5746.0,14477.0,5207.0,3342.0,644.0,2008.0,1251.0,8705.0,2886.0,1186.0,832.0,6697.0,554.0,10955.0,4422.0,778.0
2020-11-12,17582.0,5578.0,14477.0,5052.0,3342.0,633.0,2008.0,1217.0,8705.0,2794.0,1186.0,822.0,6697.0,749.0,10949.0,3694.0,743.0
2020-11-13,17461.0,5368.0,14456.0,4876.0,3342.0,618.0,2003.0,1200.0,8689.0,2702.0,1183.0,810.0,6686.0,688.0,9637.0,3505.0,757.0
2020-11-14,17467.0,5292.0,14462.0,4835.0,3342.0,606.0,2003.0,1192.0,8695.0,2691.0,1183.0,805.0,6692.0,599.0,5399.0,3351.0,697.0
2020-11-15,17467.0,5208.0,14462.0,4781.0,3342.0,593.0,2003.0,1208.0,8695.0,2629.0,1183.0,819.0,6692.0,505.0,3918.0,3223.0,682.0
2020-11-16,17467.0,5138.0,14462.0,4728.0,3342.0,559.0,2003.0,1195.0,8695.0,2597.0,1183.0,801.0,6692.0,335.0,6539.0,2935.0,661.0
2020-11-17,17467.0,4938.0,14462.0,4545.0,3242.0,551.0,2003.0,1155.0,8695.0,2513.0,1183.0,787.0,6692.0,487.0,11493.0,2740.0,672.0
2020-11-18,17100.0,4851.0,14145.0,4531.0,3200.0,541.0,1978.0,1151.0,8423.0,2502.0,1184.0,787.0,6445.0,688.0,15368.0,2340.0,688.0
2020-11-19,17100.0,4944.0,14145.0,4622.0,3200.0,529.0,1978.0,1148.0,8423.0,2557.0,1184.0,791.0,6445.0,958.0,17260.0,2147.0,699.0
2020-11-20,16708.0,5000.0,13753.0,4668.0,3200.0,549.0,1947.0,1139.0,8120.0,2593.0,1168.0,789.0,6173.0,938.0,17801.0,2074.0,699.0
2020-11-21,16711.0,5041.0,13756.0,4694.0,3200.0,563.0,1947.0,1153.0,8123.0,2619.0,1168.0,796.0,6176.0,1004.0,16323.0,2050.0,754.0
2020-11-22,16711.0,5145.0,13756.0,4775.0,3200.0,565.0,1947.0,1155.0,8123.0,2635.0,1168.0,801.0,6176.0,1036.0,11319.0,2420.0,732.0
2020-11-23,16594.0,5224.0,13756.0,4849.0,3200.0,560.0,1947.0,1146.0,8123.0,2657.0,1168.0,786.0,6176.0,708.0,15354.0,2433.0,761.0
2020-11-24,16546.0,5264.0,13756.0,4883.0,3200.0,561.0,1947.0,1155.0,8123.0,2704.0,1168.0,797.0,6176.0,857.0,16570.0,2568.0,757.0
2020-11-25,16546.0,5416.0,13756.0,5006.0,3200.0,594.0,1947.0,1154.0,8123.0,2825.0,1168.0,788.0,6176.0,1020.0,19018.0,2721.0,750.0
2020-11-26,16712.0,5509.0,13922.0,5082.0,3200.0,612.0,1926.0,1140.0,8310.0,2859.0,1164.0,777.0,6384.0,1029.0,17973.0,2884.0,741.0
2020-11-27,16669.0,5584.0,13879.0,5138.0,3200.0,618.0,1920.0,1143.0,8273.0,2896.0,1163.0,781.0,6353.0,949.0,16902.0,2995.0,757.0
2020-11-28,16669.0,5607.0,13879.0,5169.0,3100.0,601.0,1920.0,1148.0,8273.0,2922.0,1163.0,782.0,6353.0,928.0,14592.0,3028.0,792.0
2020-11-29,16669.0,5600.0,13879.0,5147.0,3100.0,592.0,1920.0,1145.0,8273.0,2920.0,1163.0,782.0,6353.0,808.0,10538.0,3091.0,791.0
2020-11-30,16669.0,5544.0,13879.0,5079.0,3100.0,598.0,1920.0,1184.0,8273.0,2814.0,1163.0,796.0,6353.0,543.0,11706.0,3133.0,799.0
2020-12-01,16669.0,5418.0,13879.0,4960.0,3100.0,596.0,1920.0,1161.0,8273.0,2727.0,1163.0,785.0,6353.0,625.0,16150.0,3024.0,856.0
2020-12-02,16735.0,5379.0,13945.0,4930.0,3100.0,603.0,1934.0,1155.0,8325.0,2705.0,1166.0,775.0,6391.0,751.0,15399.0,2883.0,869.0
2020-12-03,16735.0,5379.0,13945.0,4911.0,3100.0,590.0,1934.0,1140.0,8325.0,2698.0,1166.0,770.0,6391.0,781.0,15832.0,2819.0,852.0
2020-12-04,16735.0,5308.0,13945.0,4841.0,3100.0,615.0,1934.0,1154.0,8325.0,2635.0,1166.0,785.0,6391.0,684.0,16394.0,2936.0,835.0
2020-12-05,16707.0,5253.0,13917.0,4813.0,3100.0,596.0,1917.0,1133.0,8314.0,2630.0,1145.0,760.0,6397.0,654.0,16553.0,2740.0,760.0
2020-12-06,16707.0,5140.0,13917.0,4727.0,3100.0,590.0,1917.0,1097.0,8314.0,2595.0,1145.0,736.0,6397.0,672.0,10475.0,2547.0,732.0
2020-12-07,16669.0,5057.666666666667,13917.0,4667.333333333333,3100.0,567.6666666666666,1917.0,1092.0,8314.0,2559.6666666666665,1145.0,735.3333333333334,6397.0,491.0,14513.0,,
2020-12-08,16631.0,4975.333333333333,13917.0,4607.666666666667,3100.0,545.3333333333334,1917.0,1087.0,8314.0,2524.333333333333,1145.0,734.6666666666666,6397.0,487.0,16789.0,,
2020-12-09,16593.0,4893.0,13917.0,4548.0,3100.0,523.0,1917.0,1082.0,8314.0,2489.0,1145.0,734.0,6397.0,627.0,14874.0,2245.0,758.0
2020-12-10,16593.0,4784.0,13917.0,4426.0,3100.0,522.0,1917.0,1061.0,8314.0,2382.0,1145.0,722.0,6397.0,753.0,16154.0,2206.0,765.0
2020-12-11,16593.0,4779.0,13917.0,4420.0,3100.0,515.0,1917.0,1057.0,8314.0,2343.0,1145.0,731.0,6397.0,600.0,16157.0,2249.0,750.0
2020-12-12,16593.0,4705.0,13917.0,4359.0,3100.0,530.0,1917.0,1047.0,8314.0,2302.0,1145.0,718.0,6397.0,588.0,13887.0,2090.0,752.0
2020-12-13,16593.0,4588.0,13917.0,4292.0,3023.0,514.0,1917.0,1023.0,8314.0,2264.0,1145.0,702.0,6397.0,554.0,9137.0,2014.0,734.0
2020-12-14,16584.0,4497.0,13908.0,4217.0,3023.0,506.0,1886.0,997.0,8326.0,2222.0,1137.0,678.0,6440.0,443.0,14878.0,3522.0,766.0
2020-12-15,16584.0,4461.0,13908.0,4175.0,3167.0,488.0,1886.0,1001.0,8326.0,2206.0,1137.0,685.0,6440.0,466.0,18853.0,4658.0,754.0
2020-12-16,16574.0,4426.0,13898.0,4133.0,3167.0,490.0,1886.0,961.0,8316.0,2211.0,1137.0,666.0,6430.0,709.0,14717.0,3827.0,659.0
2020-12-17,16437.0,4296.0,13898.0,4019.0,3167.0,493.0,1886.0,941.0,8316.0,2132.0,1137.0,642.0,6430.0,509.0,15472.0,3304.0,563.0
2020-12-18,16437.0,4202.0,13898.0,3943.0,3167.0,488.0,1886.0,936.0,8316.0,2077.0,1137.0,640.0,6430.0,584.0,15247.0,3528.0,521.0
2020-12-19,16437.0,4128.0,13898.0,3875.0,3167.0,490.0,1886.0,909.0,8316.0,2062.0,1137.0,623.0,6430.0,577.0,13891.0,3713.0,536.0
2020-12-20,16437.0,4100.0,13898.0,3857.0,3167.0,483.0,1886.0,902.0,8316.0,2085.0,1137.0,619.0,6430.0,540.0,9203.0,3245.0,504.0
2020-12-21,16437.0,4072.0,13898.0,3833.0,3167.0,461.0,1886.0,899.0,8316.0,2083.0,1137.0,615.0,6430.0,417.0,22654.0,3246.0,460.0
2020-12-22,16437.0,4028.0,13898.0,3794.0,3167.0,464.0,1886.0,906.0,8316.0,2058.0,1137.0,615.0,6430.0,447.0,25138.0,2696.0,448.0
2020-12-23,16437.0,4057.0,13898.0,3813.0,3167.0,455.0,1886.0,893.0,8316.0,2078.0,1137.0,618.0,6430.0,670.0,15307.0,2736.0,445.0
2020-12-24,16437.0,3973.0,13898.0,3732.0,3167.0,458.0,1886.0,882.0,8316.0,2023.0,1137.0,611.0,6430.0,592.0,15033.0,2600.0,464.0
2020-12-25,16437.0,4012.0,13898.0,3785.0,3167.0,458.0,1886.0,883.0,8316.0,2008.0,1137.0,611.0,6430.0,543.0,11691.0,2541.0,425.0
2020-12-26,16437.0,3967.0,13898.0,3747.0,3167.0,466.0,1886.0,875.0,8316.0,2027.0,1137.0,611.0,6430.0,488.0,10541.0,2467.0,446.0
2020-12-27,16437.0,3982.0,13898.0,3754.5,2853.0,466.5,1886.0,867.5,8316.0,2021.5,1137.0,605.5,6430.0,530.0,8603.0,,
2020-12-28,16437.0,3997.0,13898.0,3762.0,2539.0,467.0,1886.0,860.0,8316.0,2016.0,1137.0,600.0,6430.0,514.0,13860.0,2508.0,460.0
2020-12-29,16437.0,3951.0,13898.0,3711.0,2539.0,240.0,1886.0,846.0,8316.0,2000.0,1137.0,584.0,6430.0,495.0,15659.0,2510.0,449.0
2020-12-30,16437.0,3927.0,13898.0,3700.0,2539.0,227.0,1886.0,846.0,8316.0,1991.0,1137.0,578.0,6430.0,651.0,15443.0,2449.0,432.0
2020-12-31,16437.0,3944.0,13898.0,3708.0,2539.0,236.0,1886.0,834.0,8316.0,1991.0,1137.0,571.0,6430.0,587.0,14129.0,2443.0,418.0
2021-01-01,15772.0,3923.0,13898.0,3701.0,1874.0,222.0,1886.0,842.0,8316.0,1950.0,1137.0,582.0,6430.0,598.0,11826.0,2483.0,375.0
2021-01-02,15772.0,3853.0,13898.0,3634.0,1874.0,219.0,1886.0,831.0,8316.0,1868.0,1137.0,578.0,6430.0,546.0,11170.0,2415.0,384.0
2021-01-03,15772.0,3810.0,13898.0,3608.0,1874.0,202.0,1886.0,803.0,8316.0,1864.0,1137.0,564.0,6430.0,522.0,10411.0,2458.0,409.0
2021-01-04,15772.0,3827.0,13898.0,3640.0,1874.0,187.0,1886.0,822.0,8316.0,1868.0,1137.0,574.0,6430.0,458.0,11534.0,2696.0,426.0
2021-01-05,15700.0,3806.0,13898.0,3649.0,1802.0,157.0,1886.0,828.0,8316.0,1860.0,1137.0,578.0,6430.0,481.0,15437.0,2471.0,431.0
2021-01-06,15700.0,3785.0,13898.0,3649.0,1802.0,136.0,1886.0,828.0,8316.0,1860.0,1137.0,578.0,6430.0,652.0,16027.0,2544.0,454.0
2021-01-07,14763.0,4340.0,12961.0,4208.0,1802.0,132.0,1818.0,845.0,7311.0,1787.0,1087.0,577.0,5493.0,615.0,16250.0,2656.0,445.0
2021-01-08,14698.0,4143.0,12896.0,4014.0,1802.0,129.0,1797.0,812.0,7276.0,1692.0,1076.0,550.0,5479.0,608.0,18010.0,2632.0,397.0
2021-01-09,14698.0,4158.0,12896.0,4038.0,1802.0,120.0,1797.0,809.0,7276.0,1702.0,1076.0,552.0,5479.0,533.0,14301.0,2634.0,410.0
2021-01-10,14698.0,4151.0,12896.0,4026.0,1802.0,125.0,1797.0,796.0,7276.0,1711.0,1076.0,547.0,5479.0,603.0,9411.0,2630.0,396.0
2021-01-11,14698.0,4139.0,12896.0,4026.0,1802.0,113.0,1797.0,796.0,7276.0,1711.0,1076.0,547.0,5479.0,394.0,13250.0,2614.0,436.0
2021-01-12,14678.0,3956.0,12896.0,3832.0,1782.0,124.0,1797.0,772.0,7276.0,1660.0,1076.0,520.0,5479.0,422.0,15419.0,2581.0,427.0
2021-01-13,14628.0,3967.0,12896.0,3840.0,1732.0,127.0,1797.0,779.0,7276.0,1672.0,1076.0,525.0,5479.0,623.0,15667.0,2563.0,398.0
2021-01-14,14557.0,3929.0,12825.0,3798.0,1732.0,131.0,1802.0,768.0,7276.0,1697.0,1088.0,522.0,5474.0,550.0,16136.0,2474.0,381.0
2021-01-15,13968.0,3851.0,12236.0,3730.0,1732.0,121.0,1750.0,762.0,6997.0,1628.0,1058.0,514.0,5247.0,526.0,16805.0,2448.0,375.0
2021-01-16,13969.0,3890.0,12237.0,3761.0,1732.0,129.0,1749.0,768.0,6999.0,1595.0,1056.0,518.0,5250.0,533.0,14542.0,2141.0,314.0
2021-01-17,13969.0,3880.0,12237.0,3752.0,1732.0,128.0,1749.0,767.0,6999.0,1592.0,1056.0,513.0,5250.0,464.0,12140.0,2140.0,298.0
2021-01-18,13722.0,3787.0,12237.0,3666.0,1485.0,121.0,1749.0,743.0,6999.0,1581.0,1056.0,501.0,5250.0,372.0,14199.0,2177.0,303.0
2021-01-19,13722.0,3728.0,12237.0,3608.0,1485.0,120.0,1749.0,722.0,6999.0,1545.0,1056.0,490.0,5250.0,436.0,18867.0,2145.0,313.0
2021-01-20,13655.0,3726.0,12170.0,3613.0,1485.0,113.0,1732.0,722.0,6979.0,1548.0,1048.0,491.0,5247.0,434.0,15672.0,2190.0,320.0
2021-01-21,13645.0,3587.0,12160.0,3484.0,1485.0,103.0,1732.0,694.0,6969.0,1512.0,1048.0,474.0,5237.0,469.0,15673.0,2150.0,310.0
2021-01-22,13645.0,3505.0,12160.0,3403.0,1485.0,102.0,1732.0,689.0,6969.0,1484.0,1048.0,469.0,5237.0,451.0,16811.0,2183.0,309.0
2021-01-23,13645.0,3513.0,12160.0,3408.0,1485.0,105.0,1732.0,668.0,6969.0,1471.0,1048.0,448.0,5237.0,386.0,16048.0,2199.0,297.0
2021-01-24,13545.0,3453.0,12160.0,3363.0,1385.0,90.0,1732.0,668.0,6969.0,1446.0,1048.0,449.0,5237.0,440.0,11091.0,2175.0,303.0
2021-01-25,13502.0,3361.0,12117.0,3278.0,1385.0,83.0,1733.0,653.0,6930.0,1402.0,1049.0,437.0,5197.0,306.0,11720.0,2201.0,291.0
2021-01-26,13502.0,3328.0,12117.0,3240.0,1385.0,88.0,1733.0,648.0,6930.0,1380.0,1049.0,432.0,5197.0,296.0,13455.0,1876.0,269.0
2021-01-27,13502.0,3271.0,12117.0,3184.0,1385.0,87.0,1733.0,639.0,6930.0,1366.0,1049.0,430.0,5197.0,395.0,14272.0,1787.0,325.0
2021-01-28,13395.0,3243.0,12010.0,3163.0,1385.0,80.0,1707.0,638.0,6869.0,1344.0,1033.0,423.0,5162.0,344.0,16428.0,1764.0,307.0
2021-01-29,13395.0,3176.0,12010.0,3109.0,1385.0,67.0,1707.0,595.0,6869.0,1316.0,1033.0,404.0,5162.0,458.0,16547.0,1686.0,301.0
2021-01-30,13395.0,3159.0,12010.0,3087.0,1385.0,72.0,1707.0,585.0,6869.0,1329.0,1033.0,400.0,5162.0,376.0,14568.0,1639.0,325.0
2021-01-31,13395.0,3104.0,12010.0,3037.0,1385.0,67.0,1707.0,584.0,6869.0,1305.0,1033.0,399.0,5162.0,422.0,11186.0,1623.0,293.0
2021-02-01,12925.0,3074.0,12010.0,3004.0,915.0,70.0,1707.0,574.0,6869.0,1331.0,1033.0,395.0,5162.0,303.0,13689.0,1569.0,294.0
2021-02-02,12925.0,3077.0,12010.0,2941.0,915.0,66.0,1707.0,579.0,6869.0,1297.0,1033.0,399.0,5162.0,307.0,18212.0,1583.0,277.0
2021-02-03,12925.0,2930.0,12010.0,2866.0,915.0,64.0,1707.0,556.0,6869.0,1267.0,1033.0,385.0,5162.0,385.0,16800.0,1556.0,262.0
2021-02-04,12925.0,2927.0,12010.0,2865.0,915.0,62.0,1707.0,563.0,6869.0,1286.0,1033.0,385.0,5162.0,425.0,15667.0,1588.0,282.0
2021-02-05,12925.0,2956.0,12010.0,2889.0,915.0,67.0,1707.0,563.0,6869.0,1290.0,1033.0,387.0,5162.0,370.0,16389.0,1519.0,303.0
2021-02-06,12925.0,2990.0,12010.0,2927.0,915.0,63.0,1707.0,563.0,6869.0,1314.0,1033.0,381.0,5162.0,368.0,14394.0,1536.0,302.0
2021-02-07,12925.0,2983.0,12010.0,2921.0,915.0,62.0,1707.0,578.0,6869.0,1297.0,1033.0,388.0,5162.0,414.0,8899.0,1498.0,299.0
2021-02-08,12925.0,2937.0,12010.0,2879.0,915.0,58.0,1707.0,581.0,6869.0,1257.0,1033.0,385.0,5162.0,374.0,14470.0,1524.0,297.0
2021-02-09,12925.0,2872.0,12010.0,2814.0,915.0,58.0,1707.0,571.0,6869.0,1232.0,1033.0,380.0,5162.0,333.0,15688.0,1529.0,312.0
2021-02-10,12925.0,2864.0,12010.0,2810.0,915.0,54.0,1707.0,584.0,6869.0,1211.0,1033.0,392.0,5162.0,499.0,16492.0,1519.0,297.0
2021-02-11,12773.0,2890.0,12010.0,2836.0,763.0,54.0,1707.0,570.0,6869.0,1246.0,1033.0,386.0,5162.0,470.0,16715.0,1535.0,284.0
2021-02-12,12773.0,2923.0,12010.0,2864.0,763.0,59.0,1707.0,578.0,6869.0,1267.0,1033.0,392.0,5162.0,539.0,15298.0,1559.0,295.0
2021-02-13,12773.0,2918.0,12010.0,2865.0,763.0,53.0,1707.0,579.0,6869.0,1289.0,1033.0,395.0,5162.0,482.0,16340.0,1566.0,294.0
2021-02-14,12773.0,2939.0,12010.0,2884.0,763.0,55.0,1707.0,585.0,6869.0,1306.0,1033.0,402.0,5162.0,579.0,11558.0,1616.0,274.0
2021-02-15,12773.0,3008.0,12010.0,2949.0,763.0,59.0,1707.0,586.0,6869.0,1325.0,1033.0,394.0,5162.0,454.0,13383.0,1664.0,269.0
2021-02-16,12773.0,3031.0,12010.0,2955.0,763.0,76.0,1707.0,575.0,6869.0,1337.0,1033.0,380.0,5162.0,409.0,18685.0,1699.0,266.0
2021-02-17,12773.0,3073.0,12010.0,3000.0,763.0,73.0,1707.0,565.0,6869.0,1355.0,1033.0,371.0,5162.0,659.0,22382.0,1723.0,257.0
2021-02-18,11968.0,3029.0,11205.0,2946.0,763.0,83.0,1528.0,554.0,6174.0,1284.0,959.0,354.0,4646.0,693.0,18366.0,1811.0,272.0
2021-02-19,11968.0,3169.0,11205.0,3082.0,763.0,87.0,1528.0,553.0,6174.0,1359.0,959.0,363.0,4646.0,779.0,18400.0,1894.0,281.0
2021-02-20,11988.0,3389.0,11205.0,3290.0,783.0,99.0,1528.0,556.0,6174.0,1425.0,959.0,363.0,4646.0,786.0,16135.0,2043.0,265.0
2021-02-21,11988.0,3420.0,11205.0,3329.0,783.0,91.0,1528.0,562.0,6174.0,1452.0,959.0,365.0,4646.0,922.0,13293.0,2149.0,276.0
2021-02-22,13914.0,3510.0,13131.0,3402.0,783.0,108.0,1559.0,580.0,8057.0,1492.0,943.0,383.0,6498.0,711.0,17489.0,2279.0,271.0
2021-02-23,13656.0,3711.0,13119.0,3613.0,537.0,98.0,1554.0,612.0,8013.0,1535.0,940.0,393.0,6459.0,598.0,21123.0,2433.0,285.0
2021-02-24,13662.0,3879.0,13125.0,3763.0,537.0,116.0,1554.0,647.0,8019.0,1649.0,940.0,411.0,6465.0,1082.0,23351.0,2562.0,274.0
2021-02-25,13667.0,3914.0,13130.0,3788.0,537.0,126.0,1556.0,657.0,8022.0,1709.0,940.0,427.0,6466.0,1066.0,22113.0,2657.0,299.0
2021-02-26,13662.0,4114.0,13125.0,3983.0,537.0,131.0,1550.0,677.0,8023.0,1853.0,939.0,441.0,6473.0,963.0,22529.0,2836.0,320.0
2021-02-27,13674.0,4200.0,13137.0,4061.0,537.0,139.0,1551.0,679.0,8034.0,1915.0,940.0,446.0,6483.0,920.0,21943.0,2979.0,351.0
2021-02-28,13674.0,4299.0,13137.0,4140.0,537.0,159.0,1551.0,701.0,8034.0,1972.0,940.0,457.0,6483.0,960.0,16451.0,3062.0,332.0
2021-03-01,13580.0,4412.0,13043.0,4243.0,537.0,169.0,1557.0,712.0,8033.0,2037.0,945.0,467.0,6476.0,780.0,18469.0,3213.0,360.0
2021-03-02,13580.0,4406.0,13043.0,4243.0,537.0,163.0,1557.0,712.0,8033.0,2037.0,945.0,467.0,6476.0,791.0,21752.0,3248.0,373.0
2021-03-03,13555.0,4529.0,13018.0,4340.0,537.0,189.0,1541.0,727.0,8025.0,2071.0,940.0,465.0,6484.0,1026.0,21182.0,3312.0,392.0
2021-03-04,13556.0,4638.0,13019.0,4434.0,537.0,204.0,1541.0,730.0,8028.0,2123.0,940.0,463.0,6487.0,1017.0,19802.0,3429.0,393.0
2021-03-05,13565.0,4775.0,13028.0,4568.0,537.0,207.0,1544.0,741.0,8036.0,2187.0,950.0,474.0,6492.0,1091.0,20466.0,3565.0,401.0
2021-03-06,13540.0,4933.0,13003.0,4718.0,537.0,215.0,1536.0,759.0,8027.0,2288.0,947.0,488.0,6491.0,1115.0,23369.0,3709.0,395.0
2021-03-07,13540.0,4938.0,13003.0,4731.0,537.0,207.0,1536.0,773.0,8027.0,2288.0,947.0,502.0,6491.0,1151.0,17849.0,3764.0,382.0
2021-03-08,13529.0,4905.0,12992.0,4693.0,537.0,212.0,1533.0,792.0,8019.0,2195.0,943.0,506.0,6486.0,995.0,19519.0,3969.0,374.0
2021-03-09,13529.0,5145.0,12992.0,4940.0,537.0,205.0,1533.0,789.0,8019.0,2385.0,941.0,500.0,6486.0,932.0,21615.0,4040.0,384.0
2021-03-10,13536.0,5193.0,12999.0,4985.0,537.0,208.0,1534.0,829.0,8025.0,2516.0,942.0,530.0,6491.0,1443.0,20401.0,4128.0,373.0
2021-03-11,13536.0,5321.0,12999.0,5092.0,537.0,229.0,1534.0,829.0,8025.0,2576.0,942.0,535.0,6491.0,1393.0,20730.0,4335.0,370.0
2021-03-12,13535.0,5469.0,12998.0,5240.0,537.0,229.0,1536.0,845.0,8022.0,2668.0,944.0,539.0,6486.0,1572.0,20789.0,4335.0,370.0
2021-03-13,13585.0,5495.0,12998.0,5240.0,587.0,255.0,1536.0,845.0,8022.0,2668.0,944.0,539.0,6486.0,1606.0,20695.0,4595.0,451.0
2021-03-14,13588.0,5857.0,13001.0,5579.0,587.0,278.0,1535.0,859.0,8026.0,2930.0,944.0,549.0,6491.0,1835.0,15697.0,4843.0,448.0
2021-03-15,13649.0,6040.0,13062.0,5767.0,587.0,273.0,1537.0,883.0,8085.0,3039.0,942.0,565.0,6548.0,1583.0,19009.0,5101.0,452.0
2021-03-16,13649.0,6052.0,13062.0,5767.0,587.0,285.0,1537.0,883.0,8085.0,3039.0,942.0,565.0,6548.0,1789.0,21463.0,5348.0,426.0
2021-03-17,13036.0,6243.0,12424.0,5984.0,612.0,259.0,1520.0,913.0,8175.0,3504.0,956.0,607.0,6655.0,2201.0,23402.0,5333.0,426.0
2021-03-18,13458.0,6816.0,12738.0,6501.0,720.0,315.0,1527.0,915.0,8352.0,3864.0,961.0,616.0,6825.0,2680.0,24542.0,5542.0,479.0
2021-03-19,13414.0,7130.0,12694.0,6778.0,720.0,352.0,1539.0,952.0,8461.0,4087.0,966.0,657.0,6922.0,2842.0,24411.0,5556.0,486.0
2021-03-20,13514.0,7183.0,12694.0,6778.0,820.0,405.0,1539.0,952.0,8461.0,4087.0,966.0,657.0,6922.0,2746.0,24220.0,5845.0,470.0
2021-03-21,13514.0,7183.0,12694.0,6778.0,1020.0,436.0,1539.0,952.0,8461.0,4087.0,966.0,657.0,6922.0,3497.0,19347.0,6220.0,473.0
2021-03-22,14467.0,7949.0,13002.0,7458.0,1465.0,491.0,1544.0,984.0,8814.0,4783.0,966.0,680.0,7270.0,3027.0,23650.0,6609.0,499.0
2021-03-23,14597.0,8447.0,13083.0,7773.0,1514.0,674.0,1559.0,1021.0,8851.0,4991.0,978.0,697.0,7292.0,3245.0,40400.0,6565.0,504.0
2021-03-24,15041.0,9032.0,13477.0,8237.0,1564.0,795.0,1616.0,1104.0,9062.0,5249.0,1000.0,729.0,7446.0,4907.0,46869.0,7056.0,513.0
2021-03-25,14742.0,9937.0,12326.0,8687.0,2416.0,1250.0,1644.0,1117.0,8209.0,5605.0,997.0,726.0,6565.0,5187.0,47504.0,7293.0,527.0
2021-03-26,15314.0,11030.0,12742.0,9571.0,2572.0,1459.0,1669.0,1188.0,8534.0,6255.0,1014.0,771.0,6865.0,5104.0,48057.0,6565.0,504.0
2021-03-27,15594.0,11537.0,12742.0,9688.0,2852.0,1849.0,1669.0,1188.0,8534.0,6421.0,1014.0,760.0,6865.0,5745.0,46450.0,8087.0,512.0
2021-03-28,16247.0,12008.0,13006.0,9789.0,3241.0,2219.0,1709.0,1261.0,8694.0,6520.0,1036.0,810.0,6985.0,6323.0,33966.0,8049.0,556.0
2021-03-29,16193.0,12273.0,12906.0,9853.0,3287.0,2420.0,1631.0,1295.0,8725.0,6565.0,1030.0,817.0,7094.0,5440.0,24464.0,8228.0,581.0
2021-03-30,16561.0,12628.0,13110.0,10061.0,3451.0,2567.0,1627.0,1303.0,8914.0,6695.0,1000.0,830.0,7287.0,4562.0,41363.0,8164.0,603.0
2021-03-31,18037.0,13155.0,13936.0,10353.0,4101.0,2802.0,1595.0,1332.0,8599.0,6521.0,1026.0,885.0,7004.0,5162.0,46758.0,8466.0,620.0
2021-04-01,18414.0,13516.0,14078.0,10570.0,4336.0,2946.0,1638.0,1376.0,8658.0,6723.0,1047.0,905.0,7020.0,8198.0,44328.0,10196.0,899.0
2021-04-02,19383.0,14758.0,14769.0,11644.0,4614.0,3114.0,1800.0,1632.0,9180.0,7410.0,1131.0,1037.0,7380.0,8382.0,43597.0,10839.0,982.0
2021-04-03,21366.0,15769.0,16247.0,12378.0,5119.0,3391.0,1899.0,1750.0,9841.0,7709.0,1168.0,1093.0,7942.0,8616.0,51319.0,11230.0,1055.0
2021-04-04,21752.0,16352.0,16558.0,12707.0,5194.0,3645.0,1924.0,1776.0,10204.0,7987.0,1162.0,1099.0,8280.0,9792.0,36878.0,11985.0,1093.0
2021-04-05,22457.0,16977.0,17178.0,13048.0,5279.0,3929.0,2007.0,1871.0,10557.0,8290.0,1122.0,1071.0,8550.0,9038.0,47922.0,12230.0,1051.0
2021-04-06,23042.0,17871.0,17431.0,13434.0,5611.0,4437.0,2056.0,1928.0,10725.0,8553.0,1170.0,1112.0,8669.0,9231.0,51263.0,12799.0,1109.0
2021-04-07,23181.0,18042.0,17491.0,13802.0,5690.0,4240.0,2087.0,2015.0,10767.0,8762.0,1179.0,1151.0,8680.0,10033.0,48902.0,13196.0,1140.0
2021-04-08,24039.0,19198.0,18213.0,14648.0,5826.0,4550.0,2248.0,2185.0,11209.0,9383.0,1205.0,1179.0,8961.0,8174.0,55741.0,13475.0,1171.0
2021-04-09,24873.0,19759.0,18737.0,15086.0,6136.0,4673.0,2410.0,2323.0,9762.0,8481.0,1273.0,1243.0,7352.0,8679.0,48749.0,14150.0,1199.0
2021-04-10,25162.0,19781.0,19168.0,15243.0,5994.0,4538.0,2529.0,2440.0,9946.0,8439.0,1302.0,1270.0,7417.0,8744.0,52159.0,14609.0,1246.0
2021-04-11,25455.0,20256.0,19329.0,15451.0,6126.0,4805.0,2542.0,2482.0,9934.0,8540.0,1330.0,1310.0,7392.0,9503.0,39398.0,15299.0,1272.0
2021-04-12,25676.0,20688.0,19534.0,15744.0,6142.0,4944.0,2598.0,2553.0,10051.0,8654.0,1306.0,1294.0,7453.0,6730.0,49320.0,15582.0,1314.0
2021-04-13,26872.0,20890.0,20022.0,15917.0,6850.0,4973.0,2664.0,2623.0,10361.0,8917.0,1339.0,1324.0,7697.0,7302.0,56226.0,15914.0,1294.0
2021-04-14,26906.0,21228.0,20044.0,16308.0,6862.0,4920.0,2692.0,2652.0,10183.0,8962.0,1349.0,1335.0,7491.0,8606.0,45486.0,16073.0,1324.0
2021-04-15,27714.0,21384.0,20279.0,16335.0,7435.0,5049.0,2711.0,2674.0,10248.0,9053.0,1358.0,1341.0,7537.0,7790.0,50533.0,16162.0,1339.0
2021-04-16,27891.0,21282.0,20456.0,16447.0,7435.0,4835.0,2751.0,2695.0,10069.0,9189.0,1414.0,1393.0,7318.0,8164.0,47253.0,16312.0,1400.0
2021-04-17,28181.0,21975.0,20608.0,17005.0,7573.0,4970.0,2765.0,2722.0,10227.0,9566.0,1415.0,1396.0,7462.0,8343.0,46971.0,16658.0,1381.0
2021-04-18,28322.0,21953.0,20641.0,17009.0,7681.0,4944.0,2762.0,2719.0,10274.0,9710.0,1410.0,1390.0,7512.0,8037.0,36556.0,17083.0,1396.0
2021-04-19,28801.0,22144.0,21093.0,17471.0,7708.0,4673.0,2798.0,2748.0,10511.0,9845.0,1426.0,1405.0,7713.0,7014.0,45350.0,16961.0,1390.0
2021-04-20,29044.0,22160.0,21283.0,17423.0,7761.0,4737.0,2823.0,2772.0,10651.0,9827.0,1447.0,1432.0,7828.0,6788.0,47270.0,17443.0,1405.0
2021-04-21,29092.0,21953.0,21331.0,17519.0,7761.0,4434.0,2834.0,2792.0,10773.0,9920.0,1452.0,1431.0,7939.0,7151.0,46874.0,17415.0,1432.0
2021-04-22,29764.0,22113.0,21553.0,17668.0,8211.0,4445.0,2850.0,2808.0,10981.0,10065.0,1441.0,1421.0,8131.0,6846.0,41826.0,17495.0,1431.0
2021-04-23,29928.0,21946.0,21717.0,17503.0,8211.0,4443.0,2861.0,2801.0,11082.0,10048.0,1444.0,1427.0,8221.0,6722.0,39584.0,17663.0,1421.0
2021-04-24,29920.0,22211.0,21701.0,17818.0,8219.0,4393.0,2836.0,2794.0,11181.0,10182.0,1455.0,1439.0,8345.0,5362.0,40398.0,17396.0,1427.0
2021-04-25,29903.0,21581.0,21684.0,17413.0,8219.0,4168.0,2837.0,2789.0,11172.0,10132.0,1450.0,1427.0,8335.0,5288.0,28328.0,17673.0,1439.0
2021-04-26,29997.0,21038.0,21706.0,17021.0,8291.0,4017.0,2849.0,2798.0,11124.0,10028.0,1451.0,1432.0,8275.0,3622.0,30428.0,17283.0,1427.0
2021-04-27,30097.0,20189.0,21806.0,16642.0,8291.0,3547.0,2886.0,2819.0,11158.0,9904.0,1463.0,1442.0,8272.0,3808.0,39135.0,16935.0,1432.0
2021-04-28,30060.0,19652.0,21769.0,16220.0,8291.0,3432.0,2887.0,2814.0,11147.0,9667.0,1474.0,1454.0,8260.0,4715.0,38848.0,16515.0,1442.0
2021-04-29,30058.0,19266.0,21767.0,16047.0,8291.0,3219.0,2894.0,2837.0,11060.0,9489.0,1482.0,1461.0,8166.0,3998.0,43525.0,16137.0,1454.0
2021-04-30,30156.0,19045.0,21850.0,15913.0,8306.0,3132.0,2906.0,2840.0,11235.0,9482.0,1491.0,1471.0,8329.0,3716.0,37607.0,15966.0,1461.0
2021-05-01,30189.0,18712.0,21883.0,15753.0,8306.0,2959.0,2923.0,2853.0,11244.0,9424.0,1501.0,1479.0,8321.0,3685.0,28636.0,15817.0,1471.0
2021-05-02,30164.0,18183.0,21858.0,15291.0,8306.0,2892.0,2919.0,2830.0,11230.0,9184.0,1503.0,1483.0,8311.0,3402.0,23542.0,15665.0,1479.0
2021-05-03,31695.0,18911.0,23389.0,16287.0,8306.0,2624.0,2929.0,2831.0,12754.0,10237.0,1495.0,1472.0,9825.0,2497.0,29076.0,15223.0,1483.0
2021-05-04,30168.0,17060.0,22062.0,14488.0,8106.0,2572.0,2921.0,2801.0,11487.0,8773.0,1493.0,1471.0,8566.0,2477.0,35377.0,16395.0,1472.0
2021-05-05,30349.0,16999.0,21956.0,14361.0,8393.0,2638.0,2925.0,2790.0,11514.0,8544.0,1491.0,1468.0,8589.0,3545.0,30942.0,16052.0,1468.0
2021-05-06,31698.0,16364.0,23187.0,13849.0,8511.0,2515.0,2958.0,2814.0,12816.0,8265.0,1507.0,1481.0,9858.0,2954.0,35224.0,14520.0,1468.0
2021-05-07,31700.0,15955.0,23209.0,13534.0,8491.0,2421.0,2961.0,2781.0,12837.0,8050.0,1509.0,1477.0,9876.0,2795.0,33378.0,14042.0,1481.0
2021-05-08,31204.0,15539.0,22713.0,13328.0,8491.0,2211.0,2976.0,2779.0,12850.0,7935.0,1510.0,1469.0,9874.0,2503.0,32590.0,13555.0,1477.0
2021-05-09,31852.0,15118.0,22661.0,12961.0,9191.0,2157.0,2977.0,2774.0,12855.0,7645.0,1521.0,1467.0,9878.0,2260.0,23061.0,13412.0,1469.0
2021-05-10,31662.0,14641.0,22619.0,12608.0,9043.0,2033.0,2996.0,2761.0,12794.0,7376.0,1552.0,1485.0,9798.0,1694.0,28258.0,13047.0,1467.0
2021-05-11,31615.0,14093.0,22572.0,12098.0,9043.0,1995.0,2994.0,2707.0,12748.0,7019.0,1547.0,1462.0,9754.0,1798.0,33499.0,12695.0,1485.0
2021-05-12,31539.0,13539.0,22556.0,11588.0,8983.0,1951.0,2995.0,2710.0,12742.0,6586.0,1547.0,1474.0,9747.0,2429.0,30886.0,12187.0,1462.0
2021-05-13,31492.4,13543.4,22488.0,11640.0,9004.4,1903.4,2975.8,2671.0,12587.8,6481.0,1536.6,1459.2,9612.0,2194.0,28292.8,,
2021-05-14,31445.8,13547.8,22420.0,11692.0,9025.8,1855.8,2956.6,2632.0,12433.6,6376.0,1526.2,1444.4,9477.0,1959.0,25699.6,,
2021-05-15,31399.2,13552.2,22352.0,11744.0,9047.2,1808.2,2937.4,2593.0,12279.4,6271.0,1515.8,1429.6,9342.0,1724.0,23106.4,,
2021-05-16,31352.6,13556.6,22284.0,11796.0,9068.6,1760.6,2918.2,2554.0,12125.2,6166.0,1505.4,1414.8,9207.0,1489.0,20513.2,,
2021-05-17,31306.0,13561.0,22216.0,11848.0,9090.0,1713.0,2899.0,2515.0,11971.0,6061.0,1495.0,1400.0,9072.0,1254.0,17920.0,12503.0,1405.0
2021-05-18,31230.0,13213.0,22210.0,11529.0,9020.0,1684.0,2882.0,2477.0,12061.0,5758.0,1486.0,1382.0,9179.0,1207.0,22788.0,9626.0,1333.0
2021-05-19,30921.5,12841.0,22174.0,11228.0,8747.5,1613.0,2881.0,2443.5,11820.5,5585.0,1487.5,1372.0,8939.5,1380.0,27933.0,,
2021-05-20,30613.0,12469.0,22138.0,10927.0,8475.0,1542.0,2880.0,2410.0,11580.0,5412.0,1489.0,1362.0,8700.0,1553.0,33078.0,11287.0,1374.0
2021-05-21,30445.0,9996.0,22090.0,8361.0,8355.0,1635.0,2880.0,2267.0,11532.0,4361.0,1489.0,1281.0,8652.0,1523.0,29264.0,8680.0,1295.0
2021-05-22,30467.0,9903.0,22112.0,8323.0,8355.0,1580.0,2881.0,2360.0,11553.0,4250.0,1482.0,1343.0,8672.0,1310.0,23314.0,8427.0,1281.0
2021-05-23,30432.0,9960.0,22077.0,8373.0,8355.0,1587.0,2867.0,2335.0,11535.0,4211.0,1471.0,1324.0,8668.0,1382.0,21947.0,8285.0,1276.0
2021-05-24,30097.0,9514.0,22017.0,7976.0,8080.0,1538.0,2869.0,2279.0,11474.0,4023.0,1472.0,1295.0,8605.0,965.0,20990.0,8277.0,1257.0
2021-05-25,30129.0,9366.0,20024.0,7852.0,8105.0,1514.0,2868.0,2286.0,11480.0,3943.0,1471.0,1294.0,8612.0,1157.0,29589.0,7909.0,1228.0
2021-05-26,30126.0,9257.0,22021.0,7721.0,8105.0,1536.0,2865.0,2270.0,11617.0,3826.0,1496.0,1316.0,8752.0,1261.0,28480.0,7758.0,1227.0
2021-05-27,30255.0,9051.0,22050.0,7540.0,8205.0,1511.0,2865.0,2212.0,11645.0,3748.0,1494.0,1297.0,8780.0,1111.0,29573.0,7615.0,1249.0
2021-05-28,30040.0,8685.0,21805.0,7258.0,8235.0,1427.0,2831.0,2153.0,11459.0,3590.0,1491.0,1270.0,8628.0,902.0,26751.0,7535.0,1927.0
2021-05-29,30042.0,8528.0,21807.0,7133.0,8235.0,1395.0,2833.0,2135.0,11458.0,3490.0,1494.0,1266.0,8625.0,1028.0,24548.0,7181.0,1203.0
2021-05-30,30040.0,8434.0,21805.0,7086.0,8235.0,1348.0,2832.0,2137.0,11455.0,3324.0,1493.0,1263.0,8623.0,1059.0,17865.0,7033.0,1199.0
2021-05-31,30084.0,8043.0,21840.0,6866.0,8244.0,1177.0,2840.0,2071.0,11437.0,3213.0,1495.0,1234.0,8597.0,641.0,23503.0,6919.0,1196.0
2021-06-01,29377.0,7692.0,21783.0,6627.0,7594.0,1065.0,2842.0,2020.0,11483.0,3065.0,1496.0,1206.0,8641.0,807.0,24732.0,6694.0,1167.0
2021-06-02,28467.0,7358.0,21623.0,6538.0,6844.0,820.0,2822.0,1995.0,11407.0,3004.0,1491.0,1206.0,8585.0,961.0,24667.0,6577.0,1206.0
2021-06-03,28561.0,7208.0,21504.0,6408.0,7057.0,800.0,2820.0,1972.0,11273.0,2891.0,1489.0,1200.0,8453.0,933.0,27351.0,6463.0,1206.0
2021-06-04,28126.0,6968.0,21257.0,6178.0,6869.0,790.0,2818.0,1961.0,11117.0,2776.0,1484.0,1200.0,8299.0,955.0,26669.0,6339.0,1200.0
2021-06-05,27807.0,6856.0,21225.0,6126.0,6582.0,730.0,2808.0,1912.0,11109.0,2792.0,1480.0,1173.0,8301.0,850.0,26758.0,6151.0,1200.0
2021-06-06,27816.0,6714.0,21234.0,5984.0,6582.0,730.0,2808.0,1886.0,11113.0,2696.0,1480.0,1158.0,8305.0,808.0,28076.0,6076.0,1173.0
2021-06-07,27766.0,6394.0,21184.0,5693.0,6582.0,701.0,2800.0,1728.0,11086.0,2586.0,1479.0,1052.0,8286.0,721.0,26992.0,5966.0,1149.0
2021-06-08,27600.0,6258.0,21018.0,5553.0,6582.0,705.0,2757.0,1765.0,10993.0,2483.0,1462.0,1100.0,8236.0,704.0,29082.0,5674.0,1052.0
2021-06-09,27570.0,6036.0,20988.0,5381.0,6582.0,655.0,2737.0,1618.0,10977.0,2408.0,1457.0,1008.0,8240.0,831.0,25396.0,5533.0,1100.0
2021-06-10,27570.0,6036.0,20988.0,5381.0,6582.0,655.0,2737.0,1618.0,10977.0,2408.0,1457.0,1008.0,8240.0,831.0,25396.0,5533.0,1100.0
2021-06-11,26948.0,5851.0,20691.0,5205.0,6257.0,646.0,2674.0,1674.0,10805.0,2271.0,1467.0,1078.0,8131.0,655.0,29174.0,5330.0,1075.0
2021-06-12,26914.0,5375.0,20657.0,5126.0,6257.0,609.0,2660.0,1700.0,10783.0,2189.0,1460.0,1088.0,8123.0,702.0,30137.0,5124.0,1073.0
2021-06-13,26896.0,5631.0,20639.0,5018.0,6257.0,613.0,2660.0,1673.0,10770.0,2096.0,1459.0,1074.0,8110.0,667.0,20133.0,5060.0,1088.0
2021-06-14,27285.0,5547.0,20708.0,4958.0,5988.0,589.0,2653.0,1648.0,10775.0,2108.0,1457.0,1051.0,8122.0,518.0,23681.0,4948.0,1074.0
2021-06-15,26562.0,5272.0,20574.0,4707.0,5988.0,565.0,2646.0,1513.0,10712.0,2006.0,1456.0,969.0,8066.0,547.0,29588.0,4858.0,1051.0
2021-06-16,26529.0,5182.0,20541.0,4650.0,5988.0,532.0,2642.0,1480.0,10686.0,2016.0,1452.0,951.0,8044.0,788.0,29309.0,4609.0,969.0
2021-06-17,26712.0,5105.0,20724.0,4558.0,5988.0,547.0,2635.0,1465.0,10934.0,1949.0,1455.0,951.0,8299.0,638.0,30447.0,4572.0,951.0
2021-06-18,26709.0,5048.0,20721.0,4489.0,5988.0,559.0,2633.0,1448.0,10933.0,1924.0,1450.0,923.0,8300.0,748.0,33136.0,4487.0,951.0
2021-06-19,26710.0,5046.0,20722.0,4454.0,5988.0,592.0,2633.0,1417.0,10930.0,1906.0,1450.0,908.0,8297.0,663.0,28226.0,4415.0,923.0
2021-06-20,26689.0,4954.0,20701.0,4349.0,5988.0,605.0,2633.0,1396.0,10910.0,1807.0,1451.0,894.0,8277.0,710.0,26286.0,4372.0,908.0
2021-06-21,26596.0,4924.0,20608.0,4337.0,5988.0,587.0,2636.0,1395.0,10909.0,1771.0,1454.0,896.0,8273.0,512.0,32307.0,4274.0,894.0
2021-06-22,26508.0,4825.0,20520.0,4258.0,5988.0,567.0,2620.0,1375.0,10852.0,1764.0,1435.0,879.0,8232.0,511.0,37905.0,4256.0,896.0
2021-06-23,26385.0,4789.0,20497.0,4232.0,5888.0,557.0,2619.0,1335.0,10832.0,1787.0,1434.0,875.0,8213.0,809.0,35764.0,4180.0,879.0
2021-06-24,26278.0,4719.0,20390.0,4170.0,5888.0,549.0,2574.5,1286.5,10772.0,1757.5,1412.5,839.0,8197.5,748.5,34761.5,4153.0,875.0
2021-06-25,26171.0,4649.0,20283.0,4108.0,5888.0,541.0,2530.0,1238.0,10712.0,1728.0,1391.0,803.0,8182.0,688.0,33759.0,4094.0,821.0
2021-06-26,26018.0,4592.0,20284.0,4064.0,5734.0,528.0,2529.0,1231.0,10711.0,1697.0,1388.0,804.0,8182.0,636.0,32711.0,4025.0,803.0
2021-06-27,26018.0,4609.0,20384.0,4103.0,5734.0,506.0,2529.0,1225.0,10710.0,1724.0,1388.0,784.0,8181.0,712.0,28295.0,3998.0,804.0
2021-06-28,25701.0,4470.0,20015.0,3977.0,5686.0,493.0,2523.0,1202.0,10519.0,1691.0,1377.0,761.0,7996.0,564.0,33769.0,4029.0,784.0
2021-06-29,25691.0,4442.0,20005.0,3965.0,5686.0,477.0,2515.0,1189.0,10517.0,1699.0,1374.0,755.0,8002.0,545.0,38078.0,3894.0,761.0
2021-06-30,25621.0,4412.0,19935.0,3967.0,5686.0,445.0,2499.0,1199.0,10464.0,1684.0,1372.0,773.0,7965.0,604.5,38226.5,3857.0,755.0
2021-07-01,25532.0,4329.0,19846.0,3885.0,5686.0,444.0,2470.0,1192.0,10447.0,1657.0,1355.0,780.0,7977.0,664.0,38375.0,3876.0,773.0
2021-07-02,24274.0,4324.0,18588.0,3878.0,5686.0,446.0,2448.0,1211.0,9503.0,1666.0,1343.0,783.0,7055.0,642.0,35491.0,3786.0,780.0
2021-07-03,24196.0,4238.0,18510.0,3764.0,5686.0,474.0,2402.0,1163.0,9519.0,1620.0,1297.0,731.0,7117.0,553.0,37128.0,3786.0,783.0
2021-07-04,24194.0,4236.0,18508.0,3769.0,5686.0,467.0,2450.0,1181.0,9469.0,1607.0,1345.0,752.0,7019.0,526.0,30737.0,3667.0,731.0
2021-07-05,24193.0,4221.0,18507.0,3782.0,5686.0,439.0,2450.0,1184.0,9467.0,1617.0,1345.0,760.0,7017.0,464.0,30554.0,3656.0,752.0
2021-07-06,24099.0,4099.0,18413.0,3665.0,5686.0,434.0,2436.0,1160.0,9336.0,1546.0,1327.0,742.0,6900.0,442.0,31944.0,3634.0,760.0
2021-07-07,24101.0,3978.0,18415.0,3568.0,5686.0,410.0,2445.0,1155.0,9332.0,1474.0,1329.0,739.0,6887.0,641.0,37802.0,3534.0,742.0
2021-07-08,23842.25,3914.625,18369.5,3523.0,5472.75,392.625,2430.375,1135.375,9301.375,1455.0,1322.5,725.75,6871.0,624.75,37497.0,,
2021-07-09,23583.5,3851.25,18324.0,3478.0,5259.5,375.25,2415.75,1115.75,9270.75,1436.0,1316.0,712.5,6855.0,608.5,37192.0,,
2021-07-10,23324.75,3787.875,18278.5,3433.0,5046.25,357.875,2401.125,1096.125,9240.125,1417.0,1309.5,699.25,6839.0,592.25,36887.0,,
2021-07-11,23066.0,3724.5,18233.0,3388.0,4833.0,340.5,2386.5,1076.5,9209.5,1398.0,1303.0,686.0,6823.0,576.0,36582.0,,
2021-07-12,22807.25,3661.125,18187.5,3343.0,4619.75,323.125,2371.875,1056.875,9178.875,1379.0,1296.5,672.75,6807.0,559.75,36277.0,,
2021-07-13,22548.5,3597.75,18142.0,3298.0,4406.5,305.75,2357.25,1037.25,9148.25,1360.0,1290.0,659.5,6791.0,543.5,35972.0,,
2021-07-14,22289.75,3534.375,18096.5,3253.0,4193.25,288.375,2342.625,1017.625,9117.625,1341.0,1283.5,646.25,6775.0,527.25,35667.0,,
2021-07-15,22031.0,3471.0,18051.0,3208.0,3980.0,271.0,2328.0,998.0,9087.0,1322.0,1277.0,633.0,6759.0,511.0,35362.0,3096.0,627.0
2021-07-16,22031.0,3479.0,18051.0,3208.0,3980.0,271.0,2328.0,998.0,9087.0,1322.0,1277.0,633.0,6759.0,424.0,33480.0,3032.0,633.0
2021-07-17,22031.0,3479.0,18051.0,3208.0,3980.0,268.0,2328.0,998.0,9087.0,1322.0,1277.0,633.0,6759.0,453.0,32373.0,3028.0,633.0
2021-07-18,21911.5,3392.5,17970.5,3127.5,3941.0,263.5,2309.5,955.0,9021.5,1292.0,1278.5,605.0,6712.0,418.0,27194.0,,
2021-07-19,21792.0,3306.0,17890.0,3047.0,3902.0,259.0,2291.0,912.0,8956.0,1262.0,1280.0,577.0,6665.0,383.0,22015.0,3002.0,594.0
2021-07-20,21730.0,3266.0,17828.0,3012.0,3902.0,254.0,2294.0,895.0,8912.0,1248.0,1277.0,564.0,6618.0,337.0,29320.0,2871.0,627.0
2021-07-21,21640.0,3170.0,17738.0,2920.0,3902.0,250.0,2288.0,880.0,8885.0,1194.0,1273.0,554.0,6597.0,423.0,30509.0,2845.0,564.0
2021-07-22,21625.0,3162.0,17737.0,2924.0,3888.0,238.0,2293.0,885.0,8884.0,1202.0,1273.0,557.0,6591.0,372.0,27131.0,2765.0,554.0
2021-07-23,21567.0,3082.0,17679.0,2846.0,3888.0,236.0,2279.0,872.0,8840.0,1240.0,1270.0,550.0,6561.0,353.0,35021.0,2765.0,557.0
2021-07-24,21434.0,3008.0,17673.0,2793.0,3761.0,215.0,2278.0,870.0,8836.0,1167.0,1269.0,552.0,6558.0,332.0,31601.0,2680.0,550.0
2021-07-25,21433.0,2966.0,17672.0,2755.0,3761.0,211.0,2278.0,871.0,8834.0,1132.0,1269.0,549.0,6556.0,381.0,24989.0,2638.0,552.0
2021-07-26,21374.0,2909.0,17648.0,2700.0,3726.0,209.0,2280.5,849.0,8805.0,1138.5,1272.5,535.5,6524.5,353.5,28685.5,,
2021-07-27,21315.0,2852.0,17624.0,2645.0,3691.0,207.0,2283.0,827.0,8776.0,1145.0,1276.0,522.0,6493.0,326.0,32382.0,2514.0,534.0
2021-07-28,21322.0,2822.0,17631.0,2630.0,3691.0,192.0,2282.0,827.0,8783.0,1124.0,1295.0,527.0,6501.0,387.0,35393.0,2467.0,522.0
2021-07-29,21308.0,2818.0,17617.0,2625.0,3691.0,193.0,2281.0,826.0,8776.0,1133.0,1293.0,535.0,6495.0,323.0,32285.0,2452.0,527.0
2021-07-30,21308.0,2818.0,17617.0,2625.0,3691.0,205.0,2281.0,826.0,8776.0,1133.0,1293.0,535.0,6495.0,304.0,34202.0,2455.0,535.0
2021-07-31,21298.5,2803.0,17607.5,2606.0,14452.5,203.0,2273.0,811.5,8772.5,1134.0,1292.0,524.0,6499.5,310.5,30485.0,,
2021-08-01,21289.0,2788.0,17598.0,2587.0,25214.0,201.0,2265.0,797.0,8769.0,1135.0,1291.0,513.0,6504.0,317.0,26768.0,2431.0,540.0
2021-08-02,21289.0,2788.0,17598.0,2587.0,3691.0,201.0,2265.0,797.0,8769.0,1135.0,1291.0,513.0,6504.0,317.0,26768.0,2431.0,540.0
2021-08-03,21289.0,2788.0,17598.0,2587.0,25214.0,201.0,2265.0,797.0,8769.0,1135.0,1291.0,513.0,6504.0,317.0,26768.0,2431.0,540.0
2021-08-04,21309.5,2729.5,17618.5,2533.5,14452.5,196.0,2282.0,784.5,8771.0,1102.5,1292.0,500.5,6489.0,314.0,30526.0,,
2021-08-05,21330.0,2671.0,17639.0,2480.0,3691.0,191.0,2299.0,772.0,8773.0,1070.0,1293.0,488.0,6474.0,311.0,34284.0,2318.0,484.0
